lemma-2020_03_24-19_27_05	190012	1609.154364824295	Gend:0.939100	Gend-support:13203	Gend:0.809800	Gend-support:1078	Gend:0.783500	Gend-support:2055	lemma:0.942800	lemma-support:13203	lemma:0.736500	lemma-support:1078	lemma:0.872000	lemma-support:2110	lemma:0.522900	lemma-support:218	pos:0.937300	pos-support:13203	pos:0.781100	pos-support:1078	pos:0.852700	pos-support:2749
