lemma-2020_03_24-16_28_49	160738	1268.2025735378265	Gend:0.943800	Gend-support:13075	Gend:0.846000	Gend-support:1227	Gend:0.778400	Gend-support:1751	lemma:0.946200	lemma-support:13075	lemma:0.775100	lemma-support:1227	lemma:0.837200	lemma-support:1640	lemma:0.557700	lemma-support:156	pos:0.946000	pos-support:13075	pos:0.846800	pos-support:1227	pos:0.870700	pos-support:2884
