lemma-2020_03_24-13_26_04	131338	744.1656112670898	Gend:0.945900	Gend-support:5508	Gend:0.742900	Gend-support:490	Gend:0.790700	Gend-support:712	lemma:0.958400	lemma-support:5508	lemma:0.744900	lemma-support:490	lemma:0.862200	lemma-support:588	lemma:0.500000	lemma-support:72	pos:0.956100	pos-support:5508	pos:0.781600	pos-support:490	pos:0.884700	pos-support:1041
