lemma-2020_03_24-17_23_27	170804	920.899739742279	Gend:0.915800	Gend-support:6221	Gend:0.719500	Gend-support:845	Gend:0.749700	Gend-support:811	lemma:0.932200	lemma-support:6221	lemma:0.727800	lemma-support:845	lemma:0.832100	lemma-support:679	lemma:0.488400	lemma-support:129	pos:0.917500	pos-support:6221	pos:0.714800	pos-support:845	pos:0.860100	pos-support:1308
