lemma-2020_03_24-15_04_52	145439	610.9371018409729	Gend:0.925400	Gend-support:4626	Gend:0.759100	Gend-support:606	Gend:0.747700	Gend-support:547	lemma:0.911800	lemma-support:4626	lemma:0.592400	lemma-support:606	lemma:0.832000	lemma-support:637	lemma:0.448800	lemma-support:127	pos:0.905800	pos-support:4626	pos:0.660100	pos-support:606	pos:0.819700	pos-support:915
