lemma-2020_03_24-19_35_49	192707	519.4182593822479	Gend:0.930200	Gend-support:4511	Gend:0.745000	Gend-support:498	Gend:0.716000	Gend-support:493	lemma:0.927100	lemma-support:4511	lemma:0.672700	lemma-support:498	lemma:0.773400	lemma-support:406	lemma:0.500000	lemma-support:120	pos:0.934200	pos-support:4511	pos:0.718900	pos-support:498	pos:0.847200	pos-support:720
