lemma-2020_03_24-12_40_03	120156	2283.863641500473	Gend:0.966900	Gend-support:20696	Gend:0.894500	Gend-support:957	Gend:0.854300	Gend-support:3274	lemma:0.974900	lemma-support:20696	lemma:0.843300	lemma-support:957	lemma:0.899200	lemma-support:2808	lemma:0.571400	lemma-support:119	pos:0.968400	pos-support:20696	pos:0.891300	pos-support:957	pos:0.895000	pos-support:4257
