lemma-2020_03_24-15_27_39	151449	767.690949678421	Gend:0.927900	Gend-support:4730	Gend:0.765200	Gend-support:511	Gend:0.740900	Gend-support:602	lemma:0.935100	lemma-support:4730	lemma:0.657500	lemma-support:511	lemma:0.824400	lemma-support:484	lemma:0.393400	lemma-support:122	pos:0.925200	pos-support:4730	pos:0.673200	pos-support:511	pos:0.817700	pos-support:724
