lemma-2020_03_24-15_37_47	152741	604.5575127601624	Gend:0.923500	Gend-support:4730	Gend:0.714300	Gend-support:511	Gend:0.755800	Gend-support:602	lemma:0.919200	lemma-support:4730	lemma:0.593000	lemma-support:511	lemma:0.826400	lemma-support:484	lemma:0.336100	lemma-support:122	pos:0.918000	pos-support:4730	pos:0.653600	pos-support:511	pos:0.813500	pos-support:724
