lemma-2020_03_24-13_13_34	124007	2002.9222538471222	Gend:0.963600	Gend-support:20696	Gend:0.885100	Gend-support:957	Gend:0.846400	Gend-support:3274	lemma:0.972500	lemma-support:20696	lemma:0.809800	lemma-support:957	lemma:0.903500	lemma-support:2808	lemma:0.579800	lemma-support:119	pos:0.968700	pos-support:20696	pos:0.877700	pos-support:957	pos:0.904200	pos-support:4257
