lemma-2020_03_24-17_49_56	172329	1584.4085125923157	Gend:0.942800	Gend-support:6121	Gend:0.840200	Gend-support:751	Gend:0.763300	Gend-support:621	lemma:0.954600	lemma-support:6121	lemma:0.816200	lemma-support:751	lemma:0.817200	lemma-support:536	lemma:0.576300	lemma-support:118	pos:0.936900	pos-support:6121	pos:0.810900	pos-support:751	pos:0.861100	pos-support:1166
