lemma-2020_03_24-14_14_59	133817	2198.162065267563	Gend:0.947800	Gend-support:19525	Gend:0.884900	Gend-support:1538	Gend:0.779000	Gend-support:2910	lemma:0.955900	lemma-support:19525	lemma:0.814700	lemma-support:1538	lemma:0.874100	lemma-support:3059	lemma:0.487100	lemma-support:232	pos:0.950900	pos-support:19525	pos:0.894000	pos-support:1538	pos:0.863000	pos-support:4417
