lemma-2020_03_24-16_40_00	162852	665.8185842037201	Gend:0.942200	Gend-support:5983	Gend:0.820700	Gend-support:675	Gend:0.836000	Gend-support:1018	lemma:0.943800	lemma-support:5983	lemma:0.723000	lemma-support:675	lemma:0.866400	lemma-support:876	lemma:0.297300	lemma-support:111	pos:0.943000	pos-support:5983	pos:0.805900	pos-support:675	pos:0.843100	pos-support:1128
