lemma-2020_03_24-15_14_48	150453	591.8990750312805	Gend:0.914400	Gend-support:4626	Gend:0.726100	Gend-support:606	Gend:0.727600	Gend-support:547	lemma:0.887800	lemma-support:4626	lemma:0.529700	lemma-support:606	lemma:0.841400	lemma-support:637	lemma:0.409400	lemma-support:127	pos:0.893400	pos-support:4626	pos:0.637000	pos-support:606	pos:0.805500	pos-support:915
