lemma-2020_03_24-14_54_35	141503	2367.751266002655	Gend:0.940600	Gend-support:19525	Gend:0.861500	Gend-support:1538	Gend:0.764600	Gend-support:2910	lemma:0.949900	lemma-support:19525	lemma:0.797800	lemma-support:1538	lemma:0.868300	lemma-support:3059	lemma:0.500000	lemma-support:232	pos:0.944000	pos-support:19525	pos:0.869300	pos-support:1538	pos:0.857600	pos-support:4417
