lemma-2020_03_24-13_38_15	132606	727.0931499004364	Gend:0.947900	Gend-support:5508	Gend:0.724500	Gend-support:490	Gend:0.816000	Gend-support:712	lemma:0.943000	lemma-support:5508	lemma:0.655100	lemma-support:490	lemma:0.852000	lemma-support:588	lemma:0.416700	lemma-support:72	pos:0.944800	pos-support:5508	pos:0.702000	pos-support:490	pos:0.875100	pos-support:1041
