lemma-2020_03_24-16_53_13	164002	788.8001770973206	Gend:0.941500	Gend-support:5983	Gend:0.822200	Gend-support:675	Gend:0.830100	Gend-support:1018	lemma:0.934800	lemma-support:5983	lemma:0.685900	lemma-support:675	lemma:0.877900	lemma-support:876	lemma:0.549500	lemma-support:111	pos:0.927100	pos-support:5983	pos:0.721500	pos-support:675	pos:0.844900	pos-support:1128
