lemma-2020_03_24-18_37_00	182212	885.7357697486877	Gend:0.915400	Gend-support:5399	Gend:0.710300	Gend-support:673	Gend:0.756400	Gend-support:698	lemma:0.907400	lemma-support:5399	lemma:0.566100	lemma-support:673	lemma:0.877500	lemma-support:841	lemma:0.422500	lemma-support:142	pos:0.900900	pos-support:5399	pos:0.637400	pos-support:673	pos:0.819300	pos-support:1118
