lemma-2020_03_24-18_22_10	180945	742.623428106308	Gend:0.931100	Gend-support:5399	Gend:0.760800	Gend-support:673	Gend:0.785100	Gend-support:698	lemma:0.919100	lemma-support:5399	lemma:0.621100	lemma-support:673	lemma:0.881100	lemma-support:841	lemma:0.422500	lemma-support:142	pos:0.926700	pos-support:5399	pos:0.714700	pos-support:673	pos:0.856900	pos-support:1118
