lemma-2020_03_24-16_07_35	153749	1782.5893366336823	Gend:0.948900	Gend-support:13075	Gend:0.876900	Gend-support:1227	Gend:0.775000	Gend-support:1751	lemma:0.958300	lemma-support:13075	lemma:0.836200	lemma-support:1227	lemma:0.847600	lemma-support:1640	lemma:0.602600	lemma-support:156	pos:0.952700	pos-support:13075	pos:0.884300	pos-support:1227	pos:0.870000	pos-support:2884
