lemma-2020_03_24-19_46_59	193551	666.6641154289246	Gend:0.918400	Gend-support:4511	Gend:0.710800	Gend-support:498	Gend:0.689700	Gend-support:493	lemma:0.921300	lemma-support:4511	lemma:0.626500	lemma-support:498	lemma:0.785700	lemma-support:406	lemma:0.525000	lemma-support:120	pos:0.920400	pos-support:4511	pos:0.686700	pos-support:498	pos:0.827800	pos-support:720
