lemma-2020_03_24-19_00_09	183702	1384.2568588256836	Gend:0.944500	Gend-support:13203	Gend:0.849700	Gend-support:1078	Gend:0.785900	Gend-support:2055	lemma:0.947300	lemma-support:13203	lemma:0.756000	lemma-support:1078	lemma:0.869700	lemma-support:2110	lemma:0.541300	lemma-support:218	pos:0.945000	pos-support:13203	pos:0.823700	pos-support:1078	pos:0.856700	pos-support:2749
