lemma-2020_03_24-18_09_43	174958	1183.3149292469025	Gend:0.933700	Gend-support:6121	Gend:0.809600	Gend-support:751	Gend:0.739100	Gend-support:621	lemma:0.942800	lemma-support:6121	lemma:0.765600	lemma-support:751	lemma:0.832100	lemma-support:536	lemma:0.627100	lemma-support:118	pos:0.931400	pos-support:6121	pos:0.780300	pos-support:751	pos:0.866200	pos-support:1166
