lemma-2020_03_24-17_08_02	165315	884.5373516082764	Gend:0.929100	Gend-support:6221	Gend:0.796400	Gend-support:845	Gend:0.764500	Gend-support:811	lemma:0.938100	lemma-support:6221	lemma:0.747900	lemma-support:845	lemma:0.833600	lemma-support:679	lemma:0.488400	lemma-support:129	pos:0.934900	pos-support:6221	pos:0.791700	pos-support:845	pos:0.871600	pos-support:1308
