,RNN,% Corpus,lemma,Δ(lemma),pos,Δ(pos),Gend,Δ(Gend)
0,1,0.01,0.7408,0.0,0.7907,0.0,0.8508,0.0
1,1,0.05,0.8895,0.14869999999999994,0.8868,0.09610000000000007,0.9025,0.05169999999999997
2,2,0.075,0.9209,0.031400000000000095,0.9206,0.03379999999999994,0.9302,0.027700000000000058
3,2,0.1,0.9363,0.01539999999999997,0.9288,0.008199999999999985,0.9332,0.0030000000000000027
4,2,0.2,0.9492,0.012900000000000023,0.9474,0.01860000000000006,0.9484,0.015199999999999991
5,2,0.4,0.9679,0.01869999999999994,0.9609,0.013499999999999956,0.9609,0.012499999999999956
6,2,0.6,0.9702,0.0022999999999999687,0.9637,0.0028000000000000247,0.9645,0.0036000000000000476
7,2,0.8,0.9748,0.0046000000000000485,0.966,0.0022999999999999687,0.9697,0.005199999999999982
