lemma-2020_03_20-14_23_50	134856	2087.394294500351	Gend:0.933800	Gend-support:4969	Gend:0.844200	Gend-support:674	Gend:0.783100	Gend-support:673	lemma:0.942000	lemma-support:4969	lemma:0.780400	lemma-support:674	lemma:0.874000	lemma-support:635	lemma:0.609000	lemma-support:156	pos:0.930800	pos-support:4969	pos:0.804200	pos-support:674	pos:0.868800	pos-support:1067
