lemma-2020_03_20-19_12_32	164930	8553.929853200912	Gend:0.965200	Gend-support:13775	Gend:0.909100	Gend-support:649	Gend:0.862100	Gend-support:2647	lemma:0.972300	lemma-support:13775	lemma:0.867500	lemma-support:649	lemma:0.914400	lemma-support:2686	lemma:0.577300	lemma-support:97	pos:0.964400	pos-support:13775	pos:0.913700	pos-support:649	pos:0.903600	pos-support:3920
