lemma-2020_03_21-09_04_09	84214	1310.593632221222	Gend:0.910600	Gend-support:4797	Gend:0.729700	Gend-support:899	Gend:0.738500	Gend-support:524	lemma:0.884500	lemma-support:4797	lemma:0.570600	lemma-support:899	lemma:0.829500	lemma-support:481	lemma:0.260100	lemma-support:223	pos:0.907000	pos-support:4797	pos:0.740800	pos-support:899	pos:0.828900	pos-support:871
