lemma-2020_03_20-16_49_27	150309	6358.437824249268	Gend:0.959500	Gend-support:9932	Gend:0.901200	Gend-support:597	Gend:0.840100	Gend-support:1814	lemma:0.970300	lemma-support:9932	lemma:0.855900	lemma-support:597	lemma:0.908100	lemma-support:1828	lemma:0.608700	lemma-support:92	pos:0.960200	pos-support:9932	pos:0.902800	pos-support:597	pos:0.892000	pos-support:2630
