lemma-2020_03_20-23_18_14	191236	14701.421665668488	Gend:0.971000	Gend-support:17560	Gend:0.926000	Gend-support:689	Gend:0.884300	Gend-support:3509	lemma:0.975100	lemma-support:17560	lemma:0.863600	lemma-support:689	lemma:0.923400	lemma-support:3762	lemma:0.424200	lemma-support:99	pos:0.966600	pos-support:17560	pos:0.930300	pos-support:689	pos:0.905500	pos-support:5143
