lemma-2020_03_20-15_03_07	142352	2344.270049095154	Gend:0.948500	Gend-support:5923	Gend:0.872800	Gend-support:566	Gend:0.824700	Gend-support:947	lemma:0.954800	lemma-support:5923	lemma:0.784500	lemma-support:566	lemma:0.890200	lemma-support:874	lemma:0.350000	lemma-support:100	pos:0.952700	pos-support:5923	pos:0.881600	pos-support:566	pos:0.883600	pos-support:1443
