lemma-2020_03_20-13_48_55	132253	1555.806167602539	Gend:0.933100	Gend-support:4860	Gend:0.844300	Gend-support:758	Gend:0.739100	Gend-support:594	lemma:0.925300	lemma-support:4860	lemma:0.690000	lemma-support:758	lemma:0.845600	lemma-support:557	lemma:0.322400	lemma-support:183	pos:0.928600	pos-support:4860	pos:0.803400	pos-support:758	pos:0.855900	pos-support:1006
