lemma-2020_03_20-13_20_47	132002	41.86867713928223	Gend:0.757200	Gend-support:4700	Gend:0.719800	Gend-support:1549	Gend:0.247300	Gend-support:364	lemma:0.000000	lemma-support:4700	lemma:0.000000	lemma-support:1549	lemma:0.000000	lemma-support:312	lemma:0.000000	lemma-support:552	pos:0.310200	pos-support:4700	pos:0.375700	pos-support:1549	pos:0.063600	pos-support:676
